{"cameraMode":{"drawMode":0,"name":"Shaded","section":"Shading Mode"},"sceneLighting":false,"audioPlay":false,"sceneViewState":{"m_AlwaysRefresh":false,"showFog":true,"showSkybox":false,"showFlares":true,"showImageEffects":true,"showParticleSystems":true,"showVisualEffectGraphs":true,"m_FxEnabled":true},"in2DMode":false,"pivot":{"x":-22.516889572143556,"y":0.5261496305465698,"z":8.849989891052246},"rotation":{"x":0.31847909092903139,"y":-0.6411042213439941,"z":0.33254578709602358,"w":0.6139885187149048},"size":1.3364466428756714,"orthographic":false}