{"cameraMode":{"drawMode":0,"name":"Shaded","section":"Shading Mode"},"sceneLighting":false,"audioPlay":false,"sceneViewState":{"m_AlwaysRefresh":false,"showFog":true,"showSkybox":false,"showFlares":true,"showImageEffects":true,"showParticleSystems":true,"showVisualEffectGraphs":true,"m_FxEnabled":true},"in2DMode":false,"pivot":{"x":-3.4567489624023439,"y":0.35012513399124148,"z":0.45641160011291506},"rotation":{"x":0.023127101361751558,"y":0.8601990342140198,"z":-0.03916613385081291,"w":0.5079394578933716},"size":1.711559534072876,"orthographic":true}